/*
SQLyog Ultimate v12.08 (32 bit)
MySQL - 5.7.26 : Database - college
*********************************************************************
*/


/*!40101 SET NAMES utf8 */;

/*!40101 SET SQL_MODE=''*/;

/*!40014 SET @OLD_UNIQUE_CHECKS=@@UNIQUE_CHECKS, UNIQUE_CHECKS=0 */;
/*!40014 SET @OLD_FOREIGN_KEY_CHECKS=@@FOREIGN_KEY_CHECKS, FOREIGN_KEY_CHECKS=0 */;
/*!40101 SET @OLD_SQL_MODE=@@SQL_MODE, SQL_MODE='NO_AUTO_VALUE_ON_ZERO' */;
/*!40111 SET @OLD_SQL_NOTES=@@SQL_NOTES, SQL_NOTES=0 */;
CREATE DATABASE `college` /*!40100 DEFAULT CHARACTER SET utf8mb4 COLLATE utf8mb4_unicode_520_ci */;

USE `college`;

/*Table structure for table `class_info` */

DROP TABLE IF EXISTS `class_info`;

CREATE TABLE `class_info` (
  `class_name` varchar(10) COLLATE utf8mb4_unicode_520_ci NOT NULL,
  `student_num` int(11) NOT NULL,
  `monitor` varchar(10) COLLATE utf8mb4_unicode_520_ci DEFAULT NULL,
  `study_committee` varchar(10) COLLATE utf8mb4_unicode_520_ci DEFAULT NULL,
  `life_committee` varchar(10) COLLATE utf8mb4_unicode_520_ci DEFAULT NULL,
  PRIMARY KEY (`class_name`) USING BTREE
) ENGINE=InnoDB DEFAULT CHARSET=utf8mb4 COLLATE=utf8mb4_unicode_520_ci ROW_FORMAT=DYNAMIC;

/*Data for the table `class_info` */

insert  into `class_info`(`class_name`,`student_num`,`monitor`,`study_committee`,`life_committee`) values ('1班',10,'lucy','tom','jack'),('2班',10,'mary','kris','barry'),('3班',10,'hh','ss','ww'),('4班',10,'qq','ee','rr'),('5班',10,'aa','dd','ff');

/*Table structure for table `stu_curriculum` */

DROP TABLE IF EXISTS `stu_curriculum`;

CREATE TABLE `stu_curriculum` (
  `id` int(11) NOT NULL AUTO_INCREMENT,
  `course_id` int(11) DEFAULT NULL,
  `course_name` varchar(255) COLLATE utf8mb4_unicode_520_ci DEFAULT NULL,
  `course_nature` varchar(10) COLLATE utf8mb4_unicode_520_ci DEFAULT NULL,
  `course_selected_ID` varchar(10) COLLATE utf8mb4_unicode_520_ci DEFAULT NULL,
  `course_selected_stu` varchar(255) COLLATE utf8mb4_unicode_520_ci DEFAULT NULL,
  `course_status` varchar(10) COLLATE utf8mb4_unicode_520_ci DEFAULT NULL,
  `grade` int(11) DEFAULT NULL,
  PRIMARY KEY (`id`) USING BTREE,
  KEY `course_name` (`course_name`) USING BTREE,
  KEY `course_selected_ID` (`course_selected_ID`) USING BTREE,
  KEY `course_id` (`course_id`) USING BTREE
) ENGINE=InnoDB AUTO_INCREMENT=149 DEFAULT CHARSET=utf8mb4 COLLATE=utf8mb4_unicode_520_ci ROW_FORMAT=DYNAMIC;

/*Data for the table `stu_curriculum` */

insert  into `stu_curriculum`(`id`,`course_id`,`course_name`,`course_nature`,`course_selected_ID`,`course_selected_stu`,`course_status`,`grade`) values (1,1,'随机过程','学位课','2201002001','wh','已修',91),(2,3,'传感器网络','选修课','2201002001','wh','已修',85),(15,6,'硕士基础英语','学位课','2201002001','wh','未修',90),(16,8,'数据库新技术','选修课','2201002001','wh','已修',99),(17,7,'计算机教育学','选修课','2201002031','qq','已修',80),(18,6,'硕士基础英语','学位课','2201002031','qq','未修',80),(19,8,'数据库新技术','选修课','2201002031','qq','已修',90),(20,4,'高级计算机网络','选修课','2201002001','wh','未修',NULL),(21,1,'随机过程','学位课','2201002002','lucy','已修',90),(22,3,'传感器网络','选修课','2201002002','lucy','已修',89),(23,4,'高级计算机网络','选修课','2201002002','lucy','未修',80),(24,5,'人工智能','选修课','2201002002','lucy','未修',NULL),(25,6,'硕士基础英语','学位课','2201002002','lucy','未修',NULL),(26,8,'数据库新技术','选修课','2201002002','lucy','未修',90),(27,9,'数据挖掘','选修课','2201002002','lucy','未修',NULL),(28,10,'图像处理','选修课','2201002002','lucy','未修',NULL),(29,20,'形式化验证','选修课','2201002002','lucy','未修',99),(30,21,'仿真建模与MATLAB','选修课','2201002002','lucy','未修',NULL),(31,1,'随机过程','学位课','2201002003','tom','已修',100),(32,3,'传感器网络','选修课','2201002003','tom','未修',90),(33,4,'高级计算机网络','选修课','2201002003','tom','未修',NULL),(34,5,'人工智能','选修课','2201002003','tom','未修',NULL),(35,6,'硕士基础英语','学位课','2201002003','tom','未修',NULL),(36,8,'数据库新技术','选修课','2201002003','tom','未修',NULL),(37,9,'数据挖掘','选修课','2201002003','tom','未修',NULL),(38,10,'图像处理','选修课','2201002003','tom','未修',NULL),(39,20,'形式化验证','选修课','2201002003','tom','未修',NULL),(40,21,'仿真建模与MATLAB','选修课','2201002003','tom','未修',NULL),(41,1,'随机过程','学位课','2201002004','jack','已修',88),(42,3,'传感器网络','选修课','2201002004','jack','未修',NULL),(43,4,'高级计算机网络','选修课','2201002004','jack','未修',NULL),(44,5,'人工智能','选修课','2201002004','jack','未修',NULL),(45,6,'硕士基础英语','学位课','2201002004','jack','未修',NULL),(46,8,'数据库新技术','选修课','2201002004','jack','未修',NULL),(47,9,'数据挖掘','选修课','2201002004','jack','未修',NULL),(48,10,'图像处理','选修课','2201002004','jack','未修',NULL),(49,20,'形式化验证','选修课','2201002004','jack','未修',NULL),(50,21,'仿真建模与MATLAB','选修课','2201002004','jack','未修',NULL),(51,1,'随机过程','学位课','2201002011','mary','已修',77),(52,3,'传感器网络','选修课','2201002011','mary','未修',NULL),(53,4,'高级计算机网络','选修课','2201002011','mary','未修',NULL),(54,5,'人工智能','选修课','2201002011','mary','未修',NULL),(55,6,'硕士基础英语','学位课','2201002011','mary','未修',NULL),(56,8,'数据库新技术','选修课','2201002011','mary','未修',NULL),(57,9,'数据挖掘','选修课','2201002011','mary','未修',NULL),(58,10,'图像处理','选修课','2201002011','mary','未修',NULL),(59,20,'形式化验证','选修课','2201002011','mary','未修',NULL),(60,21,'仿真建模与MATLAB','选修课','2201002011','mary','未修',NULL),(61,1,'随机过程','学位课','2201002012','kris','已修',90),(62,3,'传感器网络','选修课','2201002012','kris','未修',NULL),(63,4,'高级计算机网络','选修课','2201002012','kris','未修',NULL),(64,5,'人工智能','选修课','2201002012','kris','未修',NULL),(65,6,'硕士基础英语','学位课','2201002012','kris','未修',NULL),(66,8,'数据库新技术','选修课','2201002012','kris','未修',NULL),(67,9,'数据挖掘','选修课','2201002012','kris','未修',NULL),(68,10,'图像处理','选修课','2201002012','kris','未修',NULL),(69,20,'形式化验证','选修课','2201002012','kris','未修',NULL),(70,21,'仿真建模与MATLAB','选修课','2201002012','kris','未修',NULL),(71,1,'随机过程','学位课','2201002013','barry','未修',99),(72,3,'传感器网络','选修课','2201002013','barry','未修',NULL),(73,4,'高级计算机网络','选修课','2201002013','barry','未修',NULL),(74,5,'人工智能','选修课','2201002013','barry','未修',NULL),(75,6,'硕士基础英语','学位课','2201002013','barry','未修',NULL),(76,8,'数据库新技术','选修课','2201002013','barry','未修',NULL),(77,9,'数据挖掘','选修课','2201002013','barry','未修',NULL),(78,10,'图像处理','选修课','2201002013','barry','未修',NULL),(79,20,'形式化验证','选修课','2201002013','barry','未修',NULL),(80,21,'仿真建模与MATLAB','选修课','2201002013','barry','未修',NULL),(81,2,'软件工程','学位课','2201002021','hh','已修',90),(82,6,'硕士基础英语','学位课','2201002021','hh','未修',NULL),(83,8,'数据库新技术','选修课','2201002021','hh','未修',NULL),(84,9,'数据挖掘','选修课','2201002021','hh','未修',NULL),(85,10,'图像处理','选修课','2201002021','hh','未修',NULL),(86,20,'形式化验证','选修课','2201002021','hh','未修',NULL),(87,21,'仿真建模与MATLAB','选修课','2201002021','hh','未修',NULL),(88,2,'软件工程','学位课','2201002022','ss','已修',89),(89,6,'硕士基础英语','学位课','2201002022','ss','未修',NULL),(90,8,'数据库新技术','选修课','2201002022','ss','未修',NULL),(91,9,'数据挖掘','选修课','2201002022','ss','未修',NULL),(92,10,'图像处理','选修课','2201002022','ss','未修',NULL),(93,20,'形式化验证','选修课','2201002022','ss','未修',NULL),(94,21,'仿真建模与MATLAB','选修课','2201002022','ss','未修',NULL),(95,2,'软件工程','学位课','2201002023','ww','已修',67),(96,6,'硕士基础英语','学位课','2201002023','ww','未修',NULL),(97,8,'数据库新技术','选修课','2201002023','ww','未修',NULL),(98,9,'数据挖掘','选修课','2201002023','ww','未修',NULL),(99,10,'图像处理','选修课','2201002023','ww','未修',NULL),(100,20,'形式化验证','选修课','2201002023','ww','未修',NULL),(101,21,'仿真建模与MATLAB','选修课','2201002023','ww','未修',NULL),(102,9,'数据挖掘','选修课','2201002031','qq','未修',NULL),(103,10,'图像处理','选修课','2201002031','qq','未修',NULL),(104,18,'教育科学研究方法','学位课','2201002031','qq','未修',NULL),(105,19,'信息技术教育研究','选修课','2201002031','qq','未修',NULL),(106,20,'形式化验证','选修课','2201002031','qq','未修',NULL),(107,21,'仿真建模与MATLAB','选修课','2201002031','qq','未修',NULL),(108,6,'硕士基础英语','学位课','2201002032','ee','未修',NULL),(109,7,'计算机教育学','选修课','2201002032','ee','已修',70),(110,8,'数据库新技术','选修课','2201002032','ee','未修',NULL),(111,9,'数据挖掘','选修课','2201002032','ee','未修',NULL),(112,10,'图像处理','选修课','2201002032','ee','未修',NULL),(113,18,'教育科学研究方法','学位课','2201002032','ee','未修',NULL),(114,19,'信息技术教育研究','选修课','2201002032','ee','未修',NULL),(115,20,'形式化验证','选修课','2201002032','ee','未修',NULL),(116,21,'仿真建模与MATLAB','选修课','2201002032','ee','未修',NULL),(117,6,'硕士基础英语','学位课','2201002033','rr','未修',NULL),(118,7,'计算机教育学','选修课','2201002033','rr','已修',89),(119,8,'数据库新技术','选修课','2201002033','rr','未修',NULL),(120,9,'数据挖掘','选修课','2201002033','rr','未修',NULL),(121,10,'图像处理','选修课','2201002033','rr','未修',NULL),(122,18,'教育科学研究方法','学位课','2201002033','rr','未修',NULL),(123,19,'信息技术教育研究','选修课','2201002033','rr','未修',NULL),(124,20,'形式化验证','选修课','2201002033','rr','未修',NULL),(125,21,'仿真建模与MATLAB','选修课','2201002033','rr','未修',NULL),(126,6,'硕士基础英语','学位课','2201002041','aa','未修',NULL),(127,8,'数据库新技术','选修课','2201002041','aa','未修',NULL),(128,9,'数据挖掘','选修课','2201002041','aa','未修',NULL),(129,10,'图像处理','选修课','2201002041','aa','未修',NULL),(130,11,'传感技术与数据采集','选修课','2201002041','aa','未修',NULL),(131,6,'硕士基础英语','学位课','2201002042','dd','未修',NULL),(132,11,'传感技术与数据采集','选修课','2201002042','dd','未修',NULL),(133,20,'形式化验证','选修课','2201002042','dd','未修',NULL),(134,21,'仿真建模与MATLAB','选修课','2201002042','dd','未修',NULL),(135,6,'硕士基础英语','学位课','2201002043','ff','未修',NULL),(136,10,'图像处理','选修课','2201002043','ff','未修',NULL),(137,11,'传感技术与数据采集','选修课','2201002043','ff','未修',NULL),(138,20,'形式化验证','选修课','2201002043','ff','未修',NULL),(139,5,'人工智能','选修课','2201002001','wh','未修',NULL),(148,9,'数据挖掘','选修课','2201002001','wh','未修',99);

/*Table structure for table `student` */

DROP TABLE IF EXISTS `student`;

CREATE TABLE `student` (
  `ID` varchar(10) COLLATE utf8mb4_unicode_520_ci NOT NULL,
  `student_name` varchar(10) COLLATE utf8mb4_unicode_520_ci NOT NULL,
  `ID_card` varchar(18) COLLATE utf8mb4_unicode_520_ci DEFAULT NULL,
  `phone_number` varchar(15) COLLATE utf8mb4_unicode_520_ci DEFAULT NULL,
  `start_year` year(4) DEFAULT NULL,
  `student_source` varchar(10) COLLATE utf8mb4_unicode_520_ci DEFAULT NULL,
  `major` varchar(10) COLLATE utf8mb4_unicode_520_ci DEFAULT NULL,
  `class_name` varchar(10) COLLATE utf8mb4_unicode_520_ci DEFAULT NULL,
  PRIMARY KEY (`ID`) USING BTREE,
  KEY `class_name` (`class_name`) USING BTREE,
  CONSTRAINT `student_ibfk_1` FOREIGN KEY (`class_name`) REFERENCES `class_info` (`class_name`)
) ENGINE=InnoDB DEFAULT CHARSET=utf8mb4 COLLATE=utf8mb4_unicode_520_ci ROW_FORMAT=DYNAMIC;

/*Data for the table `student` */

insert  into `student`(`ID`,`student_name`,`ID_card`,`phone_number`,`start_year`,`student_source`,`major`,`class_name`) values ('2201002001','wh','100000000000000000','10000000000',2020,'北京','电子信息','1班'),('2201002002','lucy','100000000000000001','10000000001',2020,'北京','电子信息','1班'),('2201002003','tom','100000000000000002','10000000002',2020,'北京','电子信息','1班'),('2201002004','jack','100000000000000003','10000000003',2020,'北京','电子信息','1班'),('2201002005','66ff0','100000000000000004','10000000004',2020,'北京','电子信息','1班'),('2201002006','2abb7','100000000000000005','10000000005',2020,'北京','电子信息','1班'),('2201002007','1d3c1','100000000000000006','10000000006',2020,'北京','电子信息','1班'),('2201002008','63b90','100000000000000007','10000000007',2020,'北京','电子信息','1班'),('2201002009','053f4','100000000000000008','10000000008',2020,'北京','电子信息','1班'),('2201002010','5555e','100000000000000009','10000000009',2020,'北京','电子信息','1班'),('2201002011','mary','100000000000000010','10000000010',2020,'北京','电子信息','2班'),('2201002012','kris','100000000000000011','10000000011',2020,'北京','电子信息','2班'),('2201002013','barry','100000000000000012','10000000012',2020,'北京','电子信息','2班'),('2201002014','ff5c0','100000000000000013','10000000013',2020,'北京','电子信息','2班'),('2201002015','cd6fe','100000000000000014','10000000014',2020,'北京','电子信息','2班'),('2201002016','0a21a','100000000000000015','10000000015',2020,'北京','电子信息','2班'),('2201002017','38153','100000000000000016','10000000016',2020,'北京','电子信息','2班'),('2201002018','7d0bf','100000000000000017','10000000017',2020,'北京','电子信息','2班'),('2201002019','c4d2e','100000000000000018','10000000018',2020,'北京','电子信息','2班'),('2201002020','740a4','100000000000000019','10000000019',2020,'北京','电子信息','2班'),('2201002021','hh','100000000000000020','10000000020',2020,'北京','软件工程','3班'),('2201002022','ss','100000000000000021','10000000021',2020,'北京','软件工程','3班'),('2201002023','ww','100000000000000022','10000000022',2020,'北京','软件工程','3班'),('2201002024','8719f','100000000000000023','10000000023',2020,'北京','软件工程','3班'),('2201002025','d3f1b','100000000000000024','10000000024',2020,'北京','软件工程','3班'),('2201002026','0f875','100000000000000025','10000000025',2020,'北京','软件工程','3班'),('2201002027','ac84e','100000000000000026','10000000026',2020,'北京','软件工程','3班'),('2201002028','7cfcf','100000000000000027','10000000027',2020,'北京','软件工程','3班'),('2201002029','7c18d','100000000000000028','10000000028',2020,'北京','软件工程','3班'),('2201002030','f5586','100000000000000029','10000000029',2020,'北京','软件工程','3班'),('2201002031','qq','100000000000000030','10000000030',2020,'北京','智能教育','4班'),('2201002032','ee','100000000000000031','10000000031',2020,'北京','智能教育','4班'),('2201002033','rr','100000000000000032','10000000032',2020,'北京','智能教育','4班'),('2201002034','aa1a1','100000000000000033','10000000033',2020,'北京','智能教育','4班'),('2201002035','240a9','100000000000000034','10000000034',2020,'北京','智能教育','4班'),('2201002036','51ec4','100000000000000035','10000000035',2020,'北京','智能教育','4班'),('2201002037','7620a','100000000000000036','10000000036',2020,'北京','智能教育','4班'),('2201002038','0aff0','100000000000000037','10000000037',2020,'北京','智能教育','4班'),('2201002039','cbf0d','100000000000000038','10000000038',2020,'北京','智能教育','4班'),('2201002040','0fd3f','100000000000000039','10000000039',2020,'北京','智能教育','4班'),('2201002041','aa','100000000000000040','10000000040',2020,'北京','通信工程','5班'),('2201002042','dd','100000000000000041','10000000041',2020,'北京','通信工程','5班'),('2201002043','ff','100000000000000042','10000000042',2020,'北京','通信工程','5班'),('2201002044','12e71','100000000000000043','10000000043',2020,'北京','通信工程','5班'),('2201002045','49c8b','100000000000000044','10000000044',2020,'北京','通信工程','5班'),('2201002046','f949b','100000000000000045','10000000045',2020,'北京','通信工程','5班'),('2201002047','20aec','100000000000000046','10000000046',2020,'北京','通信工程','5班'),('2201002048','86005','100000000000000047','10000000047',2020,'北京','通信工程','5班'),('2201002049','0f320','100000000000000048','10000000048',2020,'北京','通信工程','5班'),('2201002050','b45a3','100000000000000049','10000000049',2020,'北京','通信工程','5班');

/*Table structure for table `training_program` */

DROP TABLE IF EXISTS `training_program`;

CREATE TABLE `training_program` (
  `course_id` int(11) NOT NULL AUTO_INCREMENT,
  `course_name` varchar(255) COLLATE utf8mb4_unicode_520_ci NOT NULL,
  `course_nature` varchar(10) COLLATE utf8mb4_unicode_520_ci DEFAULT NULL,
  `course_major` varchar(255) COLLATE utf8mb4_unicode_520_ci DEFAULT NULL,
  `course_teacher` varchar(10) COLLATE utf8mb4_unicode_520_ci DEFAULT NULL,
  `course_attributes` varchar(255) COLLATE utf8mb4_unicode_520_ci DEFAULT NULL,
  `preliminary_course` varchar(255) COLLATE utf8mb4_unicode_520_ci DEFAULT NULL,
  `followup_course` varchar(255) COLLATE utf8mb4_unicode_520_ci DEFAULT NULL,
  PRIMARY KEY (`course_id`) USING BTREE,
  KEY `id` (`course_id`) USING BTREE
) ENGINE=InnoDB AUTO_INCREMENT=22 DEFAULT CHARSET=utf8mb4 COLLATE=utf8mb4_unicode_520_ci ROW_FORMAT=DYNAMIC;

/*Data for the table `training_program` */

insert  into `training_program`(`course_id`,`course_name`,`course_nature`,`course_major`,`course_teacher`,`course_attributes`,`preliminary_course`,`followup_course`) values (1,'随机过程','学位课','电子信息','王老师','2','线性代数','1'),(2,'软件工程','学位课','软件工程','李老师','教室：512','1','1'),(3,'传感器网络','选修课','电子信息','张老师','无','无','无'),(4,'高级计算机网络','选修课','电子信息','李老师','教室：520','计算机网络','无'),(5,'人工智能','选修课','电子信息','刘老师','人工zz','无','无'),(6,'硕士基础英语','学位课','公共课','王老师','线上课程','无','硕士高级英语'),(7,'计算机教育学','选修课','智能教育','王老师','无','无','无'),(8,'数据库新技术','选修课','公共课','王老师','无','数据库旧技术','无'),(9,'数据挖掘','选修课','公共课','李老师','无','无','无'),(10,'图像处理','选修课','公共课','刘老师',NULL,NULL,NULL),(11,'传感技术与数据采集','选修课','通信工程','张老师',NULL,NULL,NULL),(12,'超高等数学','选修课','数学','毛老师','毛老师很菜','无','无'),(13,'硕士超高级英语','选修课','英语','肖老师','超级高级','硕士高级英语','硕士超级无敌高级英语'),(18,'教育科学研究方法','学位课','智能教育','刘老师',NULL,NULL,NULL),(19,'信息技术教育研究','选修课','智能教育','张老师',NULL,NULL,NULL),(20,'形式化验证','选修课','公共课','王老师','无','2','2'),(21,'仿真建模与MATLAB','选修课','公共课','李老师','3','12','222');

/*Table structure for table `u_student` */

DROP TABLE IF EXISTS `u_student`;

CREATE TABLE `u_student` (
  `ID` varchar(10) COLLATE utf8mb4_unicode_520_ci NOT NULL,
  `password` varchar(255) COLLATE utf8mb4_unicode_520_ci NOT NULL,
  PRIMARY KEY (`ID`) USING BTREE,
  CONSTRAINT `u_student_ibfk_1` FOREIGN KEY (`ID`) REFERENCES `student` (`ID`)
) ENGINE=InnoDB DEFAULT CHARSET=utf8mb4 COLLATE=utf8mb4_unicode_520_ci ROW_FORMAT=DYNAMIC;

/*Data for the table `u_student` */

insert  into `u_student`(`ID`,`password`) values ('2201002001','2001'),('2201002002','2002'),('2201002003','2003'),('2201002004','2004'),('2201002005','2005'),('2201002006','2006'),('2201002007','2007'),('2201002008','2008'),('2201002009','2009'),('2201002010','2010'),('2201002011','2011'),('2201002012','2012'),('2201002013','2013'),('2201002014','2014'),('2201002015','2015'),('2201002016','2016'),('2201002017','2017'),('2201002018','2018'),('2201002019','2019'),('2201002020','2020'),('2201002021','2021'),('2201002022','2022'),('2201002023','2023'),('2201002024','2024'),('2201002025','2025'),('2201002026','2026'),('2201002027','2027'),('2201002028','2028'),('2201002029','2029'),('2201002030','2030'),('2201002031','2031'),('2201002032','2032'),('2201002033','2033'),('2201002034','2034'),('2201002035','2035'),('2201002036','2036'),('2201002037','2037'),('2201002038','2038'),('2201002039','2039'),('2201002040','2040'),('2201002041','2041'),('2201002042','2042'),('2201002043','2043'),('2201002044','2044'),('2201002045','2045'),('2201002046','2046'),('2201002047','2047'),('2201002048','2048'),('2201002049','2049'),('2201002050','2050');

/*Table structure for table `u_teacher` */

DROP TABLE IF EXISTS `u_teacher`;

CREATE TABLE `u_teacher` (
  `ID` varchar(10) COLLATE utf8mb4_unicode_520_ci NOT NULL,
  `username` varchar(255) COLLATE utf8mb4_unicode_520_ci DEFAULT NULL,
  `password` varchar(255) COLLATE utf8mb4_unicode_520_ci NOT NULL,
  PRIMARY KEY (`ID`) USING BTREE
) ENGINE=InnoDB DEFAULT CHARSET=utf8mb4 COLLATE=utf8mb4_unicode_520_ci ROW_FORMAT=DYNAMIC;

/*Data for the table `u_teacher` */

insert  into `u_teacher`(`ID`,`username`,`password`) values ('1','王老师','1'),('2','李老师','2'),('3','张老师','3'),('4','刘老师','4'),('5','肖老师','5'),('6','毛老师','6'),('7','孙老师','7');

/*Table structure for table `u_tsecretary` */

DROP TABLE IF EXISTS `u_tsecretary`;

CREATE TABLE `u_tsecretary` (
  `ID` varchar(10) COLLATE utf8mb4_unicode_520_ci NOT NULL,
  `username` varchar(255) COLLATE utf8mb4_unicode_520_ci DEFAULT NULL,
  `password` varchar(255) COLLATE utf8mb4_unicode_520_ci NOT NULL,
  PRIMARY KEY (`ID`) USING BTREE
) ENGINE=InnoDB DEFAULT CHARSET=utf8mb4 COLLATE=utf8mb4_unicode_520_ci ROW_FORMAT=DYNAMIC;

/*Data for the table `u_tsecretary` */

insert  into `u_tsecretary`(`ID`,`username`,`password`) values ('11','admin','11');

/*!40101 SET SQL_MODE=@OLD_SQL_MODE */;
/*!40014 SET FOREIGN_KEY_CHECKS=@OLD_FOREIGN_KEY_CHECKS */;
/*!40014 SET UNIQUE_CHECKS=@OLD_UNIQUE_CHECKS */;
/*!40111 SET SQL_NOTES=@OLD_SQL_NOTES */;
